[{"id":"user-image-81.jpg","publicUrl":"np://user.desktop.nicepage.com/Site_564723929/images/81.jpg","size":112645,"hash":"wA9FbTQkUqUg/+T+h3fqUTjTjas=","fileName":"81.jpg","name":"81","width":500,"height":500,"thumbnail":{"url":"np://user.desktop.nicepage.com/Site_564723929/images/thumbnails/81.jpg","width":250,"height":250},"folderId":null,"usages":["743201031"]},{"id":"user-image-pikeqiu.jpg","publicUrl":"np://user.desktop.nicepage.com/Site_564723929/images/pikeqiu.jpg","size":165864,"hash":"jqzrEvLUipOnUe18Dp8OKG9Ujw0=","fileName":"pikeqiu.jpg","name":"pikeqiu","width":500,"height":500,"thumbnail":{"url":"np://user.desktop.nicepage.com/Site_564723929/images/thumbnails/pikeqiu.jpg","width":250,"height":250},"folderId":null,"usages":["743201031"]},{"id":"user-image-c3f40554-44c3-4d00-ec72-b0c70d892f36.jpg","publicUrl":"np://user.desktop.nicepage.com/Site_564723929/images/c3f40554-44c3-4d00-ec72-b0c70d892f36.jpg","size":187834,"hash":"D2vv5GK9vBIVMBr5DK8NAkXzU+o=","fileName":"c3f40554-44c3-4d00-ec72-b0c70d892f36.jpg","name":"c3f40554-44c3-4d00-ec72-b0c70d892f36","width":500,"height":500,"thumbnail":{"url":"np://user.desktop.nicepage.com/Site_564723929/images/thumbnails/c3f40554-44c3-4d00-ec72-b0c70d892f36.jpg","width":250,"height":250},"folderId":null,"usages":["743201031"]},{"id":"user-image-7b3337d6-6f33-a60a-372a-8ec5acc0d67d.jpg","publicUrl":"np://user.desktop.nicepage.com/Site_564723929/images/7b3337d6-6f33-a60a-372a-8ec5acc0d67d.jpg","size":151230,"hash":"SkunBBPWctdlBPPEdq0wfFe1eng=","fileName":"7b3337d6-6f33-a60a-372a-8ec5acc0d67d.jpg","name":"7b3337d6-6f33-a60a-372a-8ec5acc0d67d","width":500,"height":500,"thumbnail":{"url":"np://user.desktop.nicepage.com/Site_564723929/images/thumbnails/7b3337d6-6f33-a60a-372a-8ec5acc0d67d.jpg","width":250,"height":250},"folderId":null,"usages":["743201031"]},{"id":"user-image-fgfgr.jpg","publicUrl":"np://user.desktop.nicepage.com/Site_564723929/images/fgfgr.jpg","size":282653,"hash":"Hy/h86I2BKIhmYHa7yF4ubQCbws=","fileName":"fgfgr.jpg","name":"fgfgr","width":700,"height":655,"thumbnail":{"url":"np://user.desktop.nicepage.com/Site_564723929/images/thumbnails/fgfgr.jpg","width":250,"height":234},"folderId":null,"originalUrl":"//images01.nicepagecdn.com/c461c07a441a5d220e8feb1a/a00d0fa693a250b5ba0b9de2/fgfgr.jpg","usages":["743201031","2399727270","1986530622","796603907","87965726","894926670","559426942","212228564","899712993","297445552","1236227135","514108673","2774320761","757208065","73781285","640920041"]},{"id":"user-image-fgfgfg.jpg","publicUrl":"np://user.desktop.nicepage.com/Site_564723929/images/fgfgfg.jpg","size":253263,"hash":"n0ymC4WOl/PlIuumZq9AZxdEj04=","fileName":"fgfgfg.jpg","name":"fgfgfg","width":700,"height":655,"thumbnail":{"url":"np://user.desktop.nicepage.com/Site_564723929/images/thumbnails/fgfgfg.jpg","width":250,"height":234},"folderId":null,"originalUrl":"//images01.nicepagecdn.com/c461c07a441a5d220e8feb1a/a1bfe1a08d2e5336b7c1b33c/fgfgfg.jpg","usages":["743201031","2399727270","1986530622","796603907","87965726","894926670","559426942","212228564","899712993","297445552","1236227135","514108673","2774320761","757208065","73781285","640920041"]},{"id":"user-image-666662.jpg","publicUrl":"np://user.desktop.nicepage.com/Site_564723929/images/666662.jpg","size":247956,"hash":"+TLw4w3OqUHpQpigum14pr9UpUU=","fileName":"666662.jpg","name":"666662","width":800,"height":604,"thumbnail":{"url":"np://user.desktop.nicepage.com/Site_564723929/images/thumbnails/666662.jpg","width":250,"height":189},"folderId":null,"originalUrl":"//images01.nicepagecdn.com/c461c07a441a5d220e8feb1a/cb3211b2f42c50f19d231553/666662.jpg","usages":["743201031","2399727270","1986530622","796603907","87965726","894926670","559426942","212228564","899712993","297445552","1236227135","514108673","2774320761","757208065","73781285","640920041"]},{"id":"user-image-gfgffg.jpg","publicUrl":"np://user.desktop.nicepage.com/Site_564723929/images/gfgffg.jpg","size":166225,"hash":"5AlrAiJHr4MkCDlA6N/XdnN6AC0=","fileName":"gfgffg.jpg","name":"gfgffg","width":700,"height":655,"thumbnail":{"url":"np://user.desktop.nicepage.com/Site_564723929/images/thumbnails/gfgffg.jpg","width":250,"height":234},"folderId":null,"originalUrl":"//images01.nicepagecdn.com/c461c07a441a5d220e8feb1a/3999a544fd6558bba9aa6896/gfgffg.jpg","usages":["743201031","2399727270","1986530622","796603907","87965726","894926670","559426942","212228564","899712993","297445552","1236227135","514108673","2774320761","757208065","73781285","640920041"]},{"id":"user-image-rre.jpg","publicUrl":"np://user.desktop.nicepage.com/Site_564723929/images/rre.jpg","size":266227,"hash":"E7lisGwc/TBtxM11Mt8sxwPIQ6I=","fileName":"rre.jpg","name":"rre","width":600,"height":750,"thumbnail":{"url":"np://user.desktop.nicepage.com/Site_564723929/images/thumbnails/rre.jpg","width":200,"height":250},"folderId":null,"originalUrl":"//images01.nicepagecdn.com/c461c07a441a5d220e8feb1a/60067c0411e15541880e3293/rre.jpg","usages":["2399727270","1986530622","796603907","87965726","894926670","559426942","212228564","899712993","297445552","1236227135","514108673","2774320761","757208065","73781285","640920041"]},{"id":"user-image-j.jpg","publicUrl":"np://user.desktop.nicepage.com/Site_564723929/images/j.jpg","size":165498,"hash":"0kIp/QSuQAi3DaXrBRstxk5GPZQ=","fileName":"j.jpg","name":"j","width":700,"height":700,"thumbnail":{"url":"np://user.desktop.nicepage.com/Site_564723929/images/thumbnails/j.jpg","width":250,"height":250},"folderId":null,"originalUrl":"//images01.nicepagecdn.com/c461c07a441a5d220e8feb1a/c1a914846ece539fab7e5b32/j.jpg","usages":["2399727270","1986530622","796603907","87965726","894926670","559426942","212228564","899712993","297445552","1236227135","514108673","2774320761","757208065","73781285","640920041"]},{"id":"user-image-trrt.jpg","publicUrl":"np://user.desktop.nicepage.com/Site_564723929/images/trrt.jpg","size":283870,"hash":"DZ9uFVPCCkZ3LV862YjNMYgbd+w=","fileName":"trrt.jpg","name":"trrt","width":700,"height":700,"thumbnail":{"url":"np://user.desktop.nicepage.com/Site_564723929/images/thumbnails/trrt.jpg","width":250,"height":250},"folderId":null,"originalUrl":"//images01.nicepagecdn.com/c461c07a441a5d220e8feb1a/8d95eb12993a55918f0eac4e/trrt.jpg","usages":["2399727270","1986530622","796603907","87965726","894926670","559426942","212228564","899712993","297445552","1236227135","514108673","2774320761","757208065","73781285","640920041"]},{"id":"user-image-ghgh.jpg","publicUrl":"np://user.desktop.nicepage.com/Site_564723929/images/ghgh.jpg","size":269154,"hash":"h1g92lzKTvCnJYpVFEsDRecLO0Q=","fileName":"ghgh.jpg","name":"ghgh","width":800,"height":604,"thumbnail":{"url":"np://user.desktop.nicepage.com/Site_564723929/images/thumbnails/ghgh.jpg","width":250,"height":189},"folderId":null,"originalUrl":"//images01.nicepagecdn.com/c461c07a441a5d220e8feb1a/ec7affe037995acb89f03793/ghgh.jpg","usages":["2399727270","1986530622","796603907","87965726","894926670","559426942","212228564","899712993","297445552","1236227135","514108673","2774320761","757208065","73781285","640920041"]},{"id":"user-image-01.jpg","publicUrl":"np://user.desktop.nicepage.com/Site_564723929/images/01.jpg","size":1182370,"hash":"5mKjULvWwXrrEYr12XR/uOzZI/s=","fileName":"01.jpg","name":"01","width":1800,"height":1800,"thumbnail":{"url":"np://user.desktop.nicepage.com/Site_564723929/images/thumbnails/01.jpg","width":250,"height":250},"folderId":null,"usages":["298024913"]},{"id":"user-image-267_01.jpg","publicUrl":"np://user.desktop.nicepage.com/Site_564723929/images/267_01.jpg","size":474576,"hash":"iNAq0cRo4tNbq0rdhOxT4Qy5cIg=","fileName":"267_01.jpg","name":"267_01","width":1800,"height":1800,"thumbnail":{"url":"np://user.desktop.nicepage.com/Site_564723929/images/thumbnails/267_01.jpg","width":250,"height":250},"folderId":null,"usages":["298024913"]},{"id":"user-image-95-1.jpg","publicUrl":"np://user.desktop.nicepage.com/Site_564723929/images/95-1.jpg","size":345483,"hash":"UqKbp0gPNL4INSLbHoYby8SRPhk=","fileName":"95-1.jpg","name":"95-1","width":1800,"height":1800,"thumbnail":{"url":"np://user.desktop.nicepage.com/Site_564723929/images/thumbnails/95-1.jpg","width":250,"height":250},"folderId":null,"usages":["298024913"]},{"id":"user-image-286-1.jpg","publicUrl":"np://user.desktop.nicepage.com/Site_564723929/images/286-1.jpg","size":473590,"hash":"osqwsOb/xnuc8QsJIMmlpgDCpPQ=","fileName":"286-1.jpg","name":"286-1","width":1800,"height":1800,"thumbnail":{"url":"np://user.desktop.nicepage.com/Site_564723929/images/thumbnails/286-1.jpg","width":250,"height":250},"folderId":null,"usages":["298024913"]},{"id":"user-image-CPMFMY001-1.png","publicUrl":"np://user.desktop.nicepage.com/Site_564723929/images/CPMFMY001-1.png","size":1362606,"hash":"+9tziDhrTc56bkU+/GujixWlXFE=","fileName":"CPMFMY001-1.png","name":"CPMFMY001-1","width":1800,"height":1800,"thumbnail":{"url":"np://user.desktop.nicepage.com/Site_564723929/images/thumbnails/CPMFMY001-1.png","width":250,"height":250},"folderId":null,"usages":["298024913"]},{"id":"user-image-64-1.jpg","publicUrl":"np://user.desktop.nicepage.com/Site_564723929/images/64-1.jpg","size":365733,"hash":"nHWBg3gnOX7dvF19iR4RpV/gez4=","fileName":"64-1.jpg","name":"64-1","width":1800,"height":1800,"thumbnail":{"url":"np://user.desktop.nicepage.com/Site_564723929/images/thumbnails/64-1.jpg","width":250,"height":250},"folderId":null,"usages":["298024913"]},{"id":"user-image-469-02.jpg","publicUrl":"np://user.desktop.nicepage.com/Site_564723929/images/469-02.jpg","size":1350357,"hash":"9KsSxdy6N2ij9hKRjCOJOkHW3fg=","fileName":"469-02.jpg","name":"469-02","width":1800,"height":1800,"thumbnail":{"url":"np://user.desktop.nicepage.com/Site_564723929/images/thumbnails/469-02.jpg","width":250,"height":250},"folderId":null,"usages":["298024913"]},{"id":"user-image-304-02.jpg","publicUrl":"np://user.desktop.nicepage.com/Site_564723929/images/304-02.jpg","size":706986,"hash":"S+Ln7iw3rBR0Y0QzKGS2wcKOd4E=","fileName":"304-02.jpg","name":"304-02","width":1800,"height":1800,"thumbnail":{"url":"np://user.desktop.nicepage.com/Site_564723929/images/thumbnails/304-02.jpg","width":250,"height":250},"folderId":null,"usages":["298024913"]},{"id":"user-image-K-72-02.jpg","publicUrl":"np://user.desktop.nicepage.com/Site_564723929/images/K-72-02.jpg","size":922450,"hash":"5Z/aLAdZlsWaKk4v/aAQryyxbaA=","fileName":"K-72-02.jpg","name":"K-72-02","width":1800,"height":1800,"thumbnail":{"url":"np://user.desktop.nicepage.com/Site_564723929/images/thumbnails/K-72-02.jpg","width":250,"height":250},"folderId":null,"usages":["298024913"]},{"id":"user-image-kat-33-01.jpg","publicUrl":"np://user.desktop.nicepage.com/Site_564723929/images/kat-33-01.jpg","size":565763,"hash":"57D9qm6b0QOCm4u7gunI//t912g=","fileName":"kat-33-01.jpg","name":"kat-33-01","width":1800,"height":1800,"thumbnail":{"url":"np://user.desktop.nicepage.com/Site_564723929/images/thumbnails/kat-33-01.jpg","width":250,"height":250},"folderId":null,"usages":["298024913"]},{"id":"user-image-Kat-019--01.jpg","publicUrl":"np://user.desktop.nicepage.com/Site_564723929/images/Kat-019--01.jpg","size":570978,"hash":"n2jmADP1DMfUxOmRBjzErN4Faeg=","fileName":"Kat-019--01.jpg","name":"Kat-019--01","width":1800,"height":1800,"thumbnail":{"url":"np://user.desktop.nicepage.com/Site_564723929/images/thumbnails/Kat-019--01.jpg","width":250,"height":250},"folderId":null,"usages":["298024913"]},{"id":"user-image-P_045.jpg","publicUrl":"np://user.desktop.nicepage.com/Site_564723929/images/P_045.jpg","size":263963,"hash":"vvTwtu/+SyVovWDpjM/UrN+Lr3A=","fileName":"P_045.jpg","name":"P_045","width":800,"height":800,"thumbnail":{"url":"np://user.desktop.nicepage.com/Site_564723929/images/thumbnails/P_045.jpg","width":250,"height":250},"folderId":null,"usages":["298024913"]},{"id":"user-image-474-02.jpg","publicUrl":"np://user.desktop.nicepage.com/Site_564723929/images/474-02.jpg","size":817882,"hash":"vRkhmXEgGHvnLunPuzJSIIMs1B0=","fileName":"474-02.jpg","name":"474-02","width":1800,"height":1800,"thumbnail":{"url":"np://user.desktop.nicepage.com/Site_564723929/images/thumbnails/474-02.jpg","width":250,"height":250},"folderId":null,"usages":["298024913"]},{"id":"user-image-Black0-02.jpg","publicUrl":"np://user.desktop.nicepage.com/Site_564723929/images/Black0-02.jpg","size":248255,"hash":"GL1qLYL6586OdlYMOQxA1GE5b4g=","fileName":"Black0-02.jpg","name":"Black0-02","width":1500,"height":1500,"thumbnail":{"url":"np://user.desktop.nicepage.com/Site_564723929/images/thumbnails/Black0-02.jpg","width":250,"height":250},"folderId":null,"usages":["298024913"]},{"id":"user-image-479-02.jpg","publicUrl":"np://user.desktop.nicepage.com/Site_564723929/images/479-02.jpg","size":1551780,"hash":"beCqe9q/TPXxYlDWK9Q27Mt8qeo=","fileName":"479-02.jpg","name":"479-02","width":1800,"height":1800,"thumbnail":{"url":"np://user.desktop.nicepage.com/Site_564723929/images/thumbnails/479-02.jpg","width":250,"height":250},"folderId":null,"usages":["298024913"]},{"id":"user-image-ca16fb480b2b4a8b424c7d7c3aee98f98a04b4ff2fb71e1553bb0628df383966b296095c1a85075e4790a5df449e8469762ea2287988261385d01e_1280.jpg","publicUrl":"np://user.desktop.nicepage.com/Site_564723929/images/ca16fb480b2b4a8b424c7d7c3aee98f98a04b4ff2fb71e1553bb0628df383966b296095c1a85075e4790a5df449e8469762ea2287988261385d01e_1280.jpg","size":111857,"hash":"m2gCwa2JANstkciSq5XxEe7wWcA=","fileName":"ca16fb480b2b4a8b424c7d7c3aee98f98a04b4ff2fb71e1553bb0628df383966b296095c1a85075e4790a5df449e8469762ea2287988261385d01e_1280.jpg","name":"ca16fb480b2b4a8b424c7d7c3aee98f98a04b4ff2fb71e1553bb0628df383966b296095c1a85075e4790a5df449e8469762ea2287988261385d01e_1280","width":1280,"height":870,"thumbnail":{"url":"np://user.desktop.nicepage.com/Site_564723929/images/thumbnails/ca16fb480b2b4a8b424c7d7c3aee98f98a04b4ff2fb71e1553bb0628df383966b296095c1a85075e4790a5df449e8469762ea2287988261385d01e_1280.jpg","width":250,"height":170},"folderId":null,"usages":["product:7","34479263"]},{"id":"user-image-1cad6131943e7bc82ff4ee8bcf3da91.jpg","publicUrl":"np://user.desktop.nicepage.com/Site_564723929/images/1cad6131943e7bc82ff4ee8bcf3da91.jpg","size":197620,"hash":"i3oEU6RX4p/gaAfWW6wRWAJA2yM=","fileName":"1cad6131943e7bc82ff4ee8bcf3da91.jpg","name":"1cad6131943e7bc82ff4ee8bcf3da91","width":720,"height":1280,"thumbnail":{"url":"np://user.desktop.nicepage.com/Site_564723929/images/thumbnails/1cad6131943e7bc82ff4ee8bcf3da91.jpg","width":141,"height":250},"folderId":null,"usages":["347303262"]},{"id":"user-image-recommend_03.png","publicUrl":"np://user.desktop.nicepage.com/Site_564723929/images/recommend_03.png","size":691524,"hash":"MYu1Kj/nr8uZJQD8f7BUkZvoI24=","fileName":"recommend_03.png","name":"recommend_03","width":1280,"height":720,"thumbnail":{"url":"np://user.desktop.nicepage.com/Site_564723929/images/thumbnails/recommend_03.png","width":250,"height":141},"folderId":null,"usages":["16991601"]},{"id":"user-image-recommend_05.png","publicUrl":"np://user.desktop.nicepage.com/Site_564723929/images/recommend_05.png","size":473567,"hash":"0GTPSyHzyRs5PqMTtahisYTbTls=","fileName":"recommend_05.png","name":"recommend_05","width":1280,"height":720,"thumbnail":{"url":"np://user.desktop.nicepage.com/Site_564723929/images/thumbnails/recommend_05.png","width":250,"height":141},"folderId":null,"usages":["16991601"]},{"id":"user-image-recommend_04.png","publicUrl":"np://user.desktop.nicepage.com/Site_564723929/images/recommend_04.png","size":764484,"hash":"Ka0jZXvNApl5ZvOg7mDuvo1z8Qw=","fileName":"recommend_04.png","name":"recommend_04","width":1280,"height":720,"thumbnail":{"url":"np://user.desktop.nicepage.com/Site_564723929/images/thumbnails/recommend_04.png","width":250,"height":141},"folderId":null,"usages":["16991601"]},{"id":"user-image-recommend_02.png","publicUrl":"np://user.desktop.nicepage.com/Site_564723929/images/recommend_02.png","size":515760,"hash":"GKiyBSMVhI+LbzdBh3Jf/jdrPpk=","fileName":"recommend_02.png","name":"recommend_02","width":1280,"height":720,"thumbnail":{"url":"np://user.desktop.nicepage.com/Site_564723929/images/thumbnails/recommend_02.png","width":250,"height":141},"folderId":null,"usages":["16991601"]},{"id":"user-image-recommend_01.png","publicUrl":"np://user.desktop.nicepage.com/Site_564723929/images/recommend_01.png","size":455156,"hash":"Kn/BDI1cDQOILSnw+4AmmZSZmC4=","fileName":"recommend_01.png","name":"recommend_01","width":1280,"height":720,"thumbnail":{"url":"np://user.desktop.nicepage.com/Site_564723929/images/thumbnails/recommend_01.png","width":250,"height":141},"folderId":null,"usages":["16991601"]},{"id":"user-image-YOURLOGO.png","publicUrl":"np://user.desktop.nicepage.com/Site_564723929/images/YOURLOGO.png","size":651772,"hash":"VNFDxpk6uPGmF1ux5OwMitYtfBw=","fileName":"YOURLOGO.png","name":"YOURLOGO","width":17123,"height":5239,"thumbnail":{"url":"np://user.desktop.nicepage.com/Site_564723929/images/thumbnails/YOURLOGO.png","width":250,"height":76},"folderId":null,"usages":[]},{"id":"user-image-folder-9b0b512a-4bf4-3fd4-4c85-18498e730360","isFolder":true,"title":"cp","folderId":null,"count":0,"usages":[]}]