[{"id":290361742,"isFolder":true,"title":"allProducts","status":2,"order":null,"dateCreated":null,"dateUpdated":null,"folderId":null},{"id":94867745,"title":"Blog Template","order":1,"templateKey":"blog","customTemplate":false,"customTemplateFilename":null,"pageLinks":["6","5","4"],"dateCreated":"2024-06-23T03:45:32.268Z","dateUpdated":"2024-06-23T11:00:04.704Z","folderId":null,"pageName":"Blog Template","serverPageId":null,"sectionCount":1,"status":2,"backwardUrl":null},{"id":324530860,"title":"Post Template","order":2,"templateKey":"post","customTemplate":false,"customTemplateFilename":null,"pageLinks":[],"dateCreated":"2024-06-23T03:45:32.496Z","dateUpdated":"2024-06-23T03:45:34.882Z","folderId":null,"pageName":"Post Template","serverPageId":null,"sectionCount":1,"status":2,"backwardUrl":null},{"id":34479263,"title":"Product List Template","order":3,"templateKey":"products","customTemplate":false,"customTemplateFilename":null,"pageLinks":[],"dateCreated":"2024-06-23T03:45:32.870Z","dateUpdated":"2024-06-23T11:01:06.184Z","folderId":null,"pageName":"Product List Template","serverPageId":null,"sectionCount":1,"status":2,"backwardUrl":null},{"id":221561302,"title":"Product Details Template","order":4,"templateKey":"product","customTemplate":false,"customTemplateFilename":null,"pageLinks":[],"dateCreated":"2024-06-23T03:45:33.074Z","dateUpdated":"2024-06-23T03:45:34.884Z","folderId":null,"pageName":"Product Details Template","serverPageId":null,"sectionCount":1,"status":2,"backwardUrl":null},{"id":64443969,"title":"Shopping Cart Template","order":5,"templateKey":"cart","customTemplate":false,"customTemplateFilename":null,"pageLinks":[],"dateCreated":"2024-06-23T03:45:33.291Z","dateUpdated":"2024-06-23T03:45:34.885Z","folderId":null,"pageName":"Shopping Cart Template","serverPageId":null,"sectionCount":1,"status":2,"backwardUrl":null},{"id":68930434,"title":"Checkout Template","order":6,"templateKey":"checkout","customTemplate":false,"customTemplateFilename":null,"pageLinks":[],"dateCreated":"2024-06-23T03:45:33.565Z","dateUpdated":"2024-06-23T03:45:34.885Z","folderId":null,"pageName":"Checkout Template","serverPageId":null,"sectionCount":1,"status":2,"backwardUrl":null},{"id":2392625001,"title":"Login Template","order":7,"templateKey":"login","customTemplate":false,"customTemplateFilename":null,"pageLinks":[],"dateCreated":"2024-06-23T03:45:33.703Z","dateUpdated":"2024-06-23T03:45:34.886Z","folderId":null,"pageName":"Login Template","serverPageId":null,"sectionCount":1,"status":2,"backwardUrl":null},{"id":51606239,"title":"Page Password Template","order":8,"templateKey":"password","customTemplate":false,"customTemplateFilename":null,"pageLinks":[],"dateCreated":"2024-06-23T03:45:33.816Z","dateUpdated":"2024-06-23T03:45:34.887Z","folderId":null,"pageName":"Page Password Template","serverPageId":null,"sectionCount":1,"status":2,"backwardUrl":null},{"id":81605916,"title":"404 Not Found Template","order":9,"templateKey":"404","customTemplate":false,"customTemplateFilename":null,"pageLinks":[],"dateCreated":"2024-06-23T03:45:33.980Z","dateUpdated":"2024-06-23T03:45:34.888Z","folderId":null,"pageName":"404 Not Found Template","serverPageId":null,"sectionCount":1,"status":2,"backwardUrl":null},{"id":7025929,"title":"Thank You Page Template","order":10,"templateKey":"ThankYou","customTemplate":false,"customTemplateFilename":null,"pageLinks":[],"dateCreated":"2024-06-23T03:45:34.070Z","dateUpdated":"2024-06-23T03:45:34.889Z","folderId":null,"pageName":"Thank You Page Template","serverPageId":null,"sectionCount":1,"status":2,"backwardUrl":null},{"id":16991601,"title":"Home","order":50,"templateKey":null,"customTemplate":false,"customTemplateFilename":null,"pageLinks":["16991601"],"dateCreated":"2024-06-23T03:45:35.715Z","dateUpdated":"2024-06-23T14:24:15.803Z","folderId":null,"pageName":"Home_16991601","serverPageId":null,"sectionCount":1,"status":2,"backwardUrl":null},{"id":347303262,"title":"About","order":100,"templateKey":null,"customTemplate":false,"customTemplateFilename":null,"pageLinks":["16991601"],"dateCreated":"2024-06-23T03:45:34.139Z","dateUpdated":"2024-06-23T13:21:54.124Z","folderId":null,"pageName":"About_347303262","serverPageId":null,"sectionCount":1,"status":2,"backwardUrl":null},{"id":298024913,"title":"Produts","order":101,"templateKey":null,"customTemplate":false,"customTemplateFilename":null,"pageLinks":["16991601","743201031","2399727270","1986530622","796603907","87965726","559426942","212228564","899712993","297445552","1236227135","514108673","2774320761","757208065","73781285","640920041"],"dateCreated":"2024-06-23T11:02:19.522Z","dateUpdated":"2024-06-23T13:35:33.477Z","folderId":null,"pageName":"Produts_298024913","serverPageId":null,"sectionCount":1,"status":2,"backwardUrl":null},{"id":743201031,"title":"Fun And Toys","order":102,"templateKey":null,"customTemplate":false,"customTemplateFilename":null,"pageLinks":["16991601"],"dateCreated":"2024-06-23T11:26:33.932Z","dateUpdated":"2024-06-23T14:10:20.880Z","folderId":290361742,"pageName":"Fun And Toys_743201031","serverPageId":null,"sectionCount":1,"status":2,"backwardUrl":null},{"id":2399727270,"title":"Mugs And Drinkware","order":103,"templateKey":null,"customTemplate":false,"customTemplateFilename":null,"pageLinks":["16991601"],"dateCreated":"2024-06-23T11:30:52.528Z","dateUpdated":"2024-06-23T13:24:10.030Z","folderId":290361742,"pageName":"Mugs And Drinkware_2399727270","serverPageId":null,"sectionCount":1,"status":2,"backwardUrl":null},{"id":1986530622,"title":"Sports","order":104,"templateKey":null,"customTemplate":false,"customTemplateFilename":null,"pageLinks":["16991601"],"dateCreated":"2024-06-23T11:31:13.838Z","dateUpdated":"2024-06-23T13:24:34.212Z","folderId":290361742,"pageName":"Sports_1986530622","serverPageId":null,"sectionCount":1,"status":2,"backwardUrl":null},{"id":796603907,"title":"Travel","order":105,"templateKey":null,"customTemplate":false,"customTemplateFilename":null,"pageLinks":["16991601"],"dateCreated":"2024-06-23T11:31:29.198Z","dateUpdated":"2024-06-23T13:25:06.203Z","folderId":290361742,"pageName":"Travel_796603907","serverPageId":null,"sectionCount":1,"status":2,"backwardUrl":null},{"id":87965726,"title":"Bar Items","order":106,"templateKey":null,"customTemplate":false,"customTemplateFilename":null,"pageLinks":["16991601"],"dateCreated":"2024-06-23T11:31:42.029Z","dateUpdated":"2024-06-23T13:23:30.480Z","folderId":290361742,"pageName":"Bar Items_87965726","serverPageId":null,"sectionCount":1,"status":2,"backwardUrl":null},{"id":894926670,"title":"Offices And Desks","order":107,"templateKey":null,"customTemplate":false,"customTemplateFilename":null,"pageLinks":["16991601"],"dateCreated":"2024-06-23T11:31:59.200Z","dateUpdated":"2024-06-23T13:24:16.976Z","folderId":290361742,"pageName":"Offices And Desks_894926670","serverPageId":null,"sectionCount":1,"status":2,"backwardUrl":null},{"id":559426942,"title":"Bags","order":108,"templateKey":null,"customTemplate":false,"customTemplateFilename":null,"pageLinks":["16991601"],"dateCreated":"2024-06-23T11:32:10.804Z","dateUpdated":"2024-06-23T13:23:23.382Z","folderId":290361742,"pageName":"Bags_559426942","serverPageId":null,"sectionCount":1,"status":2,"backwardUrl":null},{"id":212228564,"title":"Outdoor And Leisure","order":109,"templateKey":null,"customTemplate":false,"customTemplateFilename":null,"pageLinks":["16991601"],"dateCreated":"2024-06-23T11:32:46.266Z","dateUpdated":"2024-06-23T13:24:26.187Z","folderId":290361742,"pageName":"Outdoor And Leisure_212228564","serverPageId":null,"sectionCount":1,"status":2,"backwardUrl":null},{"id":899712993,"title":"Automotive","order":110,"templateKey":null,"customTemplate":false,"customTemplateFilename":null,"pageLinks":["16991601"],"dateCreated":"2024-06-23T11:33:01.927Z","dateUpdated":"2024-06-23T13:23:14.678Z","folderId":290361742,"pageName":"Automotive_899712993","serverPageId":null,"sectionCount":1,"status":2,"backwardUrl":null},{"id":297445552,"title":"Jewelry And Giveaways","order":111,"templateKey":null,"customTemplate":false,"customTemplateFilename":null,"pageLinks":["16991601"],"dateCreated":"2024-06-23T11:33:29.526Z","dateUpdated":"2024-06-23T13:24:01.885Z","folderId":290361742,"pageName":"Jewelry And Giveaways_297445552","serverPageId":null,"sectionCount":1,"status":2,"backwardUrl":null},{"id":1236227135,"title":"Trade Show","order":112,"templateKey":null,"customTemplate":false,"customTemplateFilename":null,"pageLinks":["16991601"],"dateCreated":"2024-06-23T11:33:43.598Z","dateUpdated":"2024-06-23T13:24:57.412Z","folderId":290361742,"pageName":"Trade Show_1236227135","serverPageId":null,"sectionCount":1,"status":2,"backwardUrl":null},{"id":514108673,"title":"Face Mask","order":113,"templateKey":null,"customTemplate":false,"customTemplateFilename":null,"pageLinks":["16991601"],"dateCreated":"2024-06-23T11:33:54.927Z","dateUpdated":"2024-06-23T13:23:38.714Z","folderId":290361742,"pageName":"Face Mask_514108673","serverPageId":null,"sectionCount":1,"status":2,"backwardUrl":null},{"id":2774320761,"title":"Home And Kitchen","order":114,"templateKey":null,"customTemplate":false,"customTemplateFilename":null,"pageLinks":["16991601"],"dateCreated":"2024-06-23T11:34:13.766Z","dateUpdated":"2024-06-23T13:23:53.477Z","folderId":290361742,"pageName":"Home And Kitchen_2774320761","serverPageId":null,"sectionCount":1,"status":2,"backwardUrl":null},{"id":757208065,"title":"Tools And Hardware","order":115,"templateKey":null,"customTemplate":false,"customTemplateFilename":null,"pageLinks":["16991601"],"dateCreated":"2024-06-23T11:34:35.726Z","dateUpdated":"2024-06-23T13:24:49.425Z","folderId":290361742,"pageName":"Tools And Hardware_757208065","serverPageId":null,"sectionCount":1,"status":2,"backwardUrl":null},{"id":73781285,"title":"Technology","order":116,"templateKey":null,"customTemplate":false,"customTemplateFilename":null,"pageLinks":["16991601"],"dateCreated":"2024-06-23T11:34:53.740Z","dateUpdated":"2024-06-23T13:24:41.561Z","folderId":290361742,"pageName":"Technology_73781285","serverPageId":null,"sectionCount":1,"status":2,"backwardUrl":null},{"id":640920041,"title":"Wellness And Health","order":117,"templateKey":null,"customTemplate":false,"customTemplateFilename":null,"pageLinks":["16991601"],"dateCreated":"2024-06-23T11:35:24.383Z","dateUpdated":"2024-06-23T13:26:45.047Z","folderId":290361742,"pageName":"Wellness And Health_640920041","serverPageId":null,"sectionCount":1,"status":2,"backwardUrl":null}]